f1,f2,f3,f4,f5,f6,f7,f8,f9,f10,core_loss
0.3047171,-1.0399841,0.7504512,0.9405647,-1.9510351,-1.3021795,0.1278404,-0.3162426,-0.016801158,-0.8530439,0.123494305
0.879398,0.7777919,0.066030696,1.1272413,0.46750933,-0.85929245,0.36875078,-0.95888263,0.8784503,-0.049925912,0.50477844
-0.18486236,-0.68092954,1.2225413,-0.15452948,-0.42832783,-0.35213354,0.5323092,0.36544406,0.4127326,0.430821,0.052564714
2.1416476,-0.40641502,-0.51224273,-0.81377274,0.61597943,1.1289723,-0.11394746,-0.8401565,-0.8244812,0.6505928,0.9922091
0.7432542,0.54315424,-0.6655097,0.23216133,0.11668581,0.21868859,0.8714288,0.22359554,0.67891353,0.06757907,0.5029817
0.2891194,0.63128823,-1.4571558,-0.3196712,-0.47037265,-0.63887787,-0.27514225,1.4949414,-0.86583114,0.96827835,0.030285673
-1.6828698,-0.33488503,0.16275306,0.58622235,0.7112266,0.79334724,-0.34872508,-0.4623518,0.8579759,-0.19130433,-0.5097225
-1.2756863,-1.1332872,-0.9194523,0.49716073,0.14242573,0.69048536,-0.42725265,0.1585397,0.6255904,-0.30934653,-0.06676756
0.45677525,-0.6619259,-0.36305386,-0.3817379,-1.1958396,0.48697248,-0.46940234,0.012494119,0.48074666,0.44653118,0.0034004706
0.6653851,-0.098485485,-0.4232983,-0.07971821,-1.6873344,-1.4471124,-1.3226997,-0.9972468,0.39977422,-0.9054791,0.28827253
-0.37816256,1.2992283,-0.35626397,0.73751557,-0.93361765,-0.20543756,-0.95002204,-0.33903307,0.8403081,-1.7273204,0.17358461
0.43442366,0.2377356,-0.59414995,-1.4460578,0.07212951,-0.52949274,0.23267621,0.021852145,1.6017789,-0.23935562,0.094962634
-1.0234975,0.17927563,0.21999669,1.3591876,0.83511126,0.35687107,1.4633029,-1.188763,-0.63975155,-0.92657596,-0.18733135
-0.38980982,-1.3766861,0.63515097,-0.2222227,-1.4708062,-1.0155791,0.31351385,0.83812654,1.9967309,2.9138625,0.36634544
0.41440943,-0.98953813,-2.1320462,0.26771146,-0.8129411,-0.41535726,-0.6120968,-0.14079088,1.0659802,0.15704857,0.31327423
-0.15863484,-1.0356537,-1.674683,-0.48630792,-0.053782552,1.7679299,0.13027452,0.9827395,-0.4992956,-1.1849438,0.012210006
-0.96511674,-0.72522604,2.1284697,-0.8213867,0.8384892,-0.90292716,0.93157303,0.38495097,-0.15663789,-0.040762525,0.23241995
-0.6547877,0.4460722,-0.45498347,-1.2256057,-1.2779375,0.17258792,1.5790913,0.1599916,-0.11863833,0.28582615,-0.14111663
1.3060018,0.2193825,-0.41092724,1.1062887,0.42875645,1.535756,0.18323444,-1.2244691,-1.3681592,1.6509279,0.41777113
1.7236657,-0.1795192,-0.38318732,1.4614443,-1.1070457,-0.894727,0.6433268,-0.39460513,-0.0051218667,-0.1634429,0.5233602
0.33757454,1.4074819,0.090584904,0.6439388,-2.050172,-0.0487184,-0.84323025,-1.2188131,-0.8781524,-0.33412343,0.3193886
0.91590255,-1.3263928,0.030631492,-0.48416942,-0.3276731,1.0027578,0.53811544,1.337398,-0.15450568,-0.69594264,0.5780398
-0.22385882,0.24249679,0.17657335,-1.084388,0.09048978,0.22822833,2.517474,1.8768446,-0.85324335,-0.28738335,-0.23815502
-1.463442,-0.590707,0.315605,1.2058536,-0.72908384,-0.65414643,-2.147289,-0.16266592,-1.0624144,-0.52943945,-0.69257665
-0.8768608,-0.094262555,-1.7577283,-1.4670452,2.1292472,-1.2874225,-1.0967855,1.8369136,2.9050672,-1.1715666,-0.54623824
-0.36824897,0.34155557,1.7286977,-0.98685706,-0.24527785,0.77733755,0.43476608,-0.37615606,-0.13382296,-1.3748958,-0.07935258
-0.23817374,-0.2663875,0.2321699,-0.55532724,0.4715385,1.0127158,0.15542933,0.3517564,0.053155348,8.439309e-05,-0.12091143
-0.72155803,0.31649426,-0.0972866,2.0931683,1.573355,0.38584656,-0.76305723,-1.1124115,1.1911429,0.26274922,-0.00720407
0.4801434,-1.744586,0.9274385,0.45442033,-1.1104307,-0.4715248,0.2637172,0.0524668,-0.29217118,-0.10348827,0.47757447
-0.25197738,0.15256251,1.4714919,-2.5666585,-0.23685026,0.17651242,0.29599398,-0.3719146,-1.7567217,0.32799548,0.32319647
1.7273502,-1.5338614,0.863828,-0.32852522,-0.061324347,-1.0528985,-0.33445618,1.3000445,0.58265525,1.7323116,0.7127819
1.1774119,0.43908668,1.7439345,0.43899316,0.82798815,-0.29657096,0.066545814,-0.6974238,0.9895839,-1.1783036,0.27773872
0.78235036,-0.19065106,1.1712471,0.750869,1.8206462,0.7307747,-1.5720402,-0.066953175,-1.1720072,-0.51827985,0.33133295
1.5112284,0.6375338,-0.69893044,-1.0137174,0.032782093,-1.2165601,-0.67114025,0.31200948,1.1553121,0.6087615,0.5343661
-2.2912896,0.30436674,0.07203358,0.41389027,1.6162096,-2.0632384,-0.59110343,0.5909063,-1.5815943,1.475949,-0.704348
0.36835662,0.84658396,-0.57094365,0.8137637,1.0684716,0.23287801,0.2344009,0.27034324,-0.86334527,-0.14752868,0.3421469
-0.15252253,0.38339385,0.9998242,-1.058536,-0.12500903,1.4814556,-0.7435882,-0.82225,0.2023062,0.8443852,0.4057036
0.011426056,1.3289605,0.856794,0.84182006,0.5541165,2.3276532,-0.20516169,-2.0035224,1.6042544,-0.45769942,0.22128773
0.10788044,1.3095506,-1.6022595,-1.2516472,-1.601278,-0.7941363,0.43963662,0.52418786,0.27627417,-1.4127659,-0.09498575
-2.3101034,0.054353584,-0.47177604,0.45938578,0.70195365,0.13824143,0.7601331,0.22921138,0.5300647,-0.7046733,-0.66188186
-0.17961141,0.19677609,0.82052845,-0.39374116,0.5211673,-0.2658388,-0.11754217,0.82951903,-1.9930604,-1.2964723,0.024117215
-1.4821854,-2.333616,-0.67826444,0.7494339,-0.28488407,0.19779009,1.0892175,1.3276862,-0.06913794,1.3535858,0.38612092
0.09212666,-0.83739823,-0.59440035,-1.4805365,-0.8881339,-0.3580167,0.803585,1.7207699,-1.3821815,0.39282748,-0.004289672
-1.0405439,0.47469708,-0.13108665,-1.8309058,0.928297,-0.60500073,-0.53390026,-1.0697525,-0.6542833,0.42789045,-0.4724655
-0.18924434,0.328662,0.36192185,1.3206617,-0.34278616,-1.4768578,1.0672225,-0.33148816,1.1145924,0.3833771,-0.24990201
-0.13113753,0.3487759,1.9510126,2.0769806,0.06938113,0.1601906,1.0762402,-0.84566104,0.33307037,-0.025862848,-0.44524732
0.31390822,-0.8333688,-1.5895675,-2.0729835,-1.1173841,-0.4586753,-0.29319158,1.9372312,1.1059934,-0.9620911,-0.2118261
0.34770846,-0.40707824,-0.28436384,0.18532565,0.61917114,-0.3392585,1.0638515,-1.1419382,0.0063390625,2.5976737,0.08046961
0.22307974,1.4332145,0.091520175,0.5807771,-0.056783196,-0.17040758,-0.7794824,0.43030137,-0.85153717,0.6655852,0.34033304
1.085287,0.3665314,-0.28624874,0.45396557,-0.30867305,0.9355471,-1.8314061,-0.33560738,-1.990812,-1.4950608,0.3524512
1.3638623,0.895185,-0.7194802,-1.5025035,-2.9645288,-0.54349554,2.420415,0.43488428,-0.5595723,0.4650802,0.4064456
-1.5609584,-0.29732338,0.09947747,-0.08610065,0.7908061,0.34464523,0.668326,-0.68837225,0.8978154,1.628937,-0.4295123
-0.9701495,-0.88769567,1.3357843,-0.191344,1.4038213,-0.4425357,1.4550456,0.13148582,0.2582288,1.564718,-0.017228344
-0.36177048,-0.9411221,-0.4485642,0.45233396,-1.5657591,0.6374709,-0.53877133,1.1478126,-2.3942604,-0.7865658,-0.11491242
-1.6864681,-0.82622945,0.2476659,-0.17922662,-0.25337756,-0.15918487,0.20338824,-1.0085361,0.70684963,0.66266596,-0.32595786
0.38503793,0.55653346,0.296418,2.0350733,-0.08709417,-0.30708322,-0.7535276,-1.0322627,-1.2444718,-0.88879734,0.15365241
-0.07068038,0.33429512,0.05114206,-0.7655353,0.9001846,0.73941267,-0.15964831,-0.65291613,0.54842794,0.18797359,0.17435576
-1.4481273,-0.06798026,0.26203582,-0.8996948,0.18984339,-1.4548225,1.336186,1.24795,-0.25251734,0.36345434,-0.29365855
-2.409922,-1.1563476,-0.29377893,-1.0721331,0.7143965,1.9972966,-1.1766148,-0.8374634,0.23544838,1.6111162,-0.42987242
-1.2223743,0.24903612,1.8212988,-1.6517591,-1.2810692,-0.4236066,-0.5205884,0.81260127,0.24165972,-1.7749621,-0.1353908
0.5154104,-0.5775389,1.2744472,-0.62758756,-0.6366153,0.5411316,0.76292646,0.44809937,-1.6855973,0.53803444,0.28954867
-1.0343081,0.23527612,-1.4237344,0.44632214,-0.8065989,-1.2826346,0.71382016,0.24164452,-0.6139768,1.4511789,-0.11924837
-0.44065243,0.032107674,0.26891345,-0.6196659,0.4711363,-0.53345233,-0.41163832,1.3626426,-1.040586,-2.4127803,-0.18963183
1.610937,2.5493279,-0.40526927,-1.936838,-0.31048396,-0.28622296,-0.18992384,-1.1133881,0.5795611,0.5245074,1.2698627
-1.4944056,0.69919676,2.052685,0.17196034,-0.33732516,-0.14200321,0.6152568,-1.7306716,0.1643907,-0.39046395,-0.3999399
1.847825,-0.17417273,1.6678876,-1.1037407,0.5872592,0.31940025,-0.8690472,0.17739612,1.2125188,-0.3237917,0.8346444
-1.6919626,-0.017562827,-0.9024231,-0.34234095,-0.08158777,-1.7056522,-1.6156583,0.48206684,-0.52271867,-2.5647442,-0.66613156
0.78484404,0.27236974,-0.7138748,-1.3168302,0.8358079,0.34935063,2.3826022,0.4201886,0.38770315,-0.16692793,0.18315183
0.81677586,0.6250852,1.251725,-0.5213229,-0.43540746,-0.47910318,0.7908017,1.4983745,-0.4588405,-0.42477372,0.33302763
0.31407723,-0.2457615,0.95205367,-2.2517772,-0.82670504,-0.78241634,-2.3203561,-0.9636384,-0.9151561,-0.20110466,-0.055963006
1.112966,-0.24506065,-1.0308137,-0.05695454,1.0491736,-0.9759588,-0.9105749,0.558549,-0.22153611,0.6474847,0.3565466
-0.013646792,0.7016637,-1.0350782,-0.012084651,-0.21069002,-1.2158909,-1.563478,0.68574905,-0.3509524,-1.0222803,0.03437272
-0.096178934,1.1280189,-2.2807379,-1.4966387,-0.92288643,1.4611789,0.282587,0.76731724,-1.1401609,-1.1195359,-0.24952203
0.44781372,0.058274332,0.54873884,-0.18767099,0.27814373,0.15811908,0.77776736,0.80700827,-1.619872,-2.2472684,0.37144607
1.0017453,1.1877251,-1.020623,-1.8598354,0.09903482,0.9308382,1.7975945,0.5162976,-0.3717167,-0.8931306,0.14489013
0.011451292,-0.2992647,-1.0150679,2.0487556,1.7851684,1.1360487,-0.9208504,0.85501933,0.6396264,0.44254562,0.19039695
1.2496653,0.63537115,0.74001426,0.63690627,0.3407914,-1.7836112,0.08362108,-0.556192,-1.279841,1.6818166,0.013532313
1.7289953,1.3592206,0.2552134,1.3506252,0.0120531805,0.20279728,-1.0934714,0.3969913,0.060385928,-1.3026521,0.6898161
-0.05119711,-0.079729564,1.7975612,0.8942133,0.011445439,0.24878731,0.04421238,-0.20291398,-1.0824271,-0.15105188,-0.23392017
-0.7460983,-1.2503155,0.5112218,0.39126465,-1.7867075,-0.122684635,0.9957014,1.0592238,1.0258368,0.038913205,-0.1751704
-0.8450453,-1.0836989,0.3446049,0.37928003,1.2873311,1.0999796,-0.13222866,-1.2442058,-0.3191066,0.2172312,0.14009486
-0.20208324,-0.5778941,0.2528848,-0.50395775,-0.62806606,0.31145284,-0.4019926,0.24410439,0.27320403,-1.139429,0.09990291
-0.48124114,1.4377769,-1.1620795,-2.1166544,-1.8618451,0.029109947,0.030917278,-0.11761086,1.2141899,-2.6728344,-0.16167776
0.39593387,1.5614382,-1.1277808,-0.37980652,-0.7528919,-0.89434606,-0.326262,1.4274852,1.8373867,-0.33593923,0.34842318
1.9050602,0.035576478,1.7536911,-0.09329865,0.13105783,0.36547446,3.1788538,0.8512856,-0.70726454,0.9689979,0.74855095
-0.36183253,-0.48975018,0.90860134,0.031085588,0.27857593,0.013985222,0.33658314,0.4249659,-1.9369669,0.6665727,-0.0644308
-0.9820194,-1.4422991,-0.058411244,0.083981,-0.6935062,0.83103186,-1.3421751,-0.40694374,-0.58487415,-0.04658727,-0.13949712
0.2788643,-1.007893,0.7242827,0.06300237,-1.8919462,-1.9585915,-0.012319293,-0.22096732,-0.103420116,-0.027982457,-0.12056123
0.22555985,0.9476496,-1.1111048,-1.1719716,-1.0933238,0.28891668,1.2449474,-0.43133944,-2.5017,-1.7039928,-0.048707772
-0.8330367,-0.5577289,-0.4083886,0.03858112,-0.31174633,1.0493397,-0.6760173,-0.862318,0.47887555,-1.535642,-0.10406696
0.3896917,0.10255318,-0.14744249,1.5882761,-0.62220746,2.0602982,-0.22543144,-1.2770164,0.06991958,-1.0762452,0.45227346
-0.75175583,0.3970333,0.5555821,-0.6221677,0.9874051,1.1575078,1.4363017,0.5294134,1.3634287,-1.8807985,-0.10870311
-0.31790656,-0.8670052,0.11922586,-0.5714492,-0.16615784,1.8821748,-0.1697198,0.4137923,-0.23226933,0.075713284,-0.098915316
0.0060166805,0.44832405,1.1653075,1.647394,0.30962008,0.58954686,-1.1508645,-0.087876745,0.94028944,0.86596864,-0.32228166
0.21160974,0.88639396,0.4907667,1.2003063,0.28935915,-0.35569832,0.33584127,-2.9305944,0.38288572,-3.648413,0.21969122
-1.7234634,0.4517686,0.47752935,-1.1624287,-0.71210206,1.370541,-0.48403013,2.2429204,-0.0019198532,0.40803617,-0.731213
1.6168745,0.13102712,-1.002344,-0.10972745,-0.035610735,-1.3647417,-0.25583208,-0.7421921,0.9243578,0.034611873,0.55741036
-0.28279576,-0.10618193,0.22312202,0.6168142,-0.9997122,-1.0415876,1.1046792,-0.4123369,-1.4168421,0.4438127,-0.024238892
0.46336982,-1.5307152,0.22948171,0.73558307,0.37438646,0.6319815,-1.4042691,0.33104014,-0.30261976,-0.48279017,0.5577553
0.8705556,1.4792745,1.79437,1.3148079,-0.109734185,0.35272017,0.7668229,0.12117795,0.13076419,0.8237531,0.31504357
-0.059282646,-0.7292869,-0.41447306,0.63391036,0.0029932912,0.34021,0.67007923,-0.37484145,0.7562482,0.3788426,0.17315875
-1.2348131,1.4423048,-0.50074476,-1.6550953,-1.0450437,-1.0210452,0.05217332,-0.2738505,-0.33683196,0.619702,-0.16789688
0.33987537,0.31604788,0.40982845,0.61613464,-2.1079533,-0.36443827,-2.18021,0.036059927,-0.004632972,1.0455322,-0.13042164
1.1876343,0.20277505,-0.5003611,0.48516113,-0.5279176,-0.0013926515,0.9861363,-0.5577713,0.80567867,0.67740136,0.6378995
-0.95479184,0.9738941,0.6985663,0.10192589,-0.76232344,-0.859206,-0.53766257,0.5425945,-0.9556252,0.43751225,-0.24215537
-1.2417555,-0.20406859,0.10964775,2.44513,-1.3773156,1.4720145,0.14984241,0.4111719,0.11834791,0.44472682,-0.3455933
-0.15368511,1.4540502,-0.45647115,1.1322346,-0.6443671,-0.060251847,-1.0719626,0.4550237,1.4451259,-0.07735618,-0.0722935
-0.1968857,-1.114617,-0.22929266,-1.5927943,-0.912878,0.22678605,1.3190132,2.8092108,-0.5865851,1.4353001,0.23659508
0.24375248,-0.15124765,0.43259445,0.061916485,0.11039572,-0.40833315,-1.3981097,-1.5436252,0.6532449,-0.27670008,0.299713
-0.5960889,0.008505627,0.79493225,0.18036394,-0.6560549,1.226293,1.5791855,0.49455667,0.9736635,1.24196,-0.2214812
1.1300993,0.6140992,0.59834707,0.5196606,-1.0973377,0.7007232,-1.355814,-0.7945995,1.303565,0.84022015,0.3934525
1.4873983,-0.2716744,-1.1522489,-0.2404372,0.1020313,0.078988716,1.1336805,-0.36127043,0.35203448,-0.98862714,0.51846504
0.45031726,0.00310855,-0.7498133,-0.23582937,-0.18417574,-0.27015513,1.7713412,-0.098446004,-0.24389611,-2.097451,0.0117875
-0.89420736,-0.2630734,-0.68585265,1.3817075,-0.16493778,1.2884443,0.061704636,0.037227836,-0.088796444,0.0037962517,-0.08929483
1.7187951,-2.3196108,-2.0015457,-0.5431708,0.0145278815,0.6901044,0.4730872,-0.3842459,1.0190437,1.0301954,1.0934412
0.18405783,0.9626576,0.27264526,-0.561483,0.69781685,0.11061312,0.0013398468,1.4729536,-2.4508722,-1.4176842,0.15310968
-1.1870704,-0.36326066,-0.25460818,-1.5073256,-0.985158,-0.8608417,2.4574242,1.801742,-0.41174942,-0.3635833,-0.25492156
-1.149204,-1.9081304,-0.116880186,-0.99785197,-0.084850535,-1.6002059,-0.76197445,0.1486271,0.3662096,0.41747195,0.33167624
-1.3204889,0.8546857,-0.80021167,0.6328579,-0.010638677,-1.3763875,-0.3161977,0.36536375,0.6129654,-0.1409879,-0.34241974
1.5317789,1.0075108,-0.2566541,0.75012183,1.9337935,1.9604846,-1.2279999,-0.9265331,1.4849188,-1.0582811,0.6177009
-1.3225411,-0.48619413,0.42022672,-0.102396704,-0.6505636,-0.67421246,-0.7123371,-0.8795096,2.281633,0.29751107,-0.48636934
0.88675904,-0.48907748,-0.18595667,-0.71355397,-2.6517084,-1.3780093,-1.8106186,-2.2497838,-1.195359,1.3249557,0.26594874
-0.044436168,1.2905638,0.41098258,0.7825588,-0.90089697,0.52395093,0.7287142,-0.5766473,0.5595404,0.56618774,0.009298036
-0.5495526,-1.1227684,-1.1841283,0.08650554,0.32700986,-0.7925258,0.02658534,0.57053703,0.6181907,1.5518801,0.1043263
1.2769809,-1.0012914,1.6835862,-0.53097653,1.0448728,0.06798662,-0.41214937,-1.8076968,-0.1715645,-1.5593833,0.7871471
0.9672992,1.5167927,-0.796911,0.30197075,-0.7253915,-0.6284847,0.7744947,-0.038538262,1.739648,-0.48223248,0.6098468
0.99933636,0.09741341,0.79577804,-0.44715765,-0.049558837,-0.11549888,-0.8360571,0.66208154,0.650249,0.5935547,0.48583978
1.5369656,1.4493448,-0.3749447,0.37305233,-0.62360066,0.023355316,-0.59974945,1.6200703,0.36369815,-0.21802913,0.71334064
1.1936185,-2.1706154,-2.0141027,0.79583865,0.060468446,0.2504463,-1.3263961,-0.023233712,2.0035095,0.8241996,1.1960564
0.16970654,-0.43905392,-0.39457285,-2.1291978,0.25764042,0.8454831,-1.5756193,-0.6614169,-1.1574646,-0.9653512,-0.13789007
0.053481627,-2.084402,0.61427045,0.75385505,-0.2511026,-2.4807086,-0.99641865,1.2329019,-2.7779944,-0.34752342,0.76146877
-1.1800008,0.8045703,-0.675114,0.40395403,0.56546044,1.8362259,-0.20294194,0.37604436,-1.4850554,1.1904136,-0.31633377
-0.76050884,-0.5607542,-0.022247795,-1.5628843,0.22877003,0.9674663,0.29293382,-1.5888976,-0.12380929,0.7420289,-0.12055866
-1.8779888,-1.074766,0.8765436,0.27009544,0.41197157,1.8594948,0.46855277,0.657888,2.7107456,-0.21380456,-0.40390226
-0.79788274,0.4277964,0.43899104,-0.5267154,-1.032397,2.3098445,0.32684347,-0.7322854,0.91593033,-0.10914515,-0.39832833
-0.25288144,0.56227285,-1.2918823,0.35262722,1.9129548,0.46617767,-0.3762121,-0.5071053,-0.41033998,-0.25396267,0.021395735
-0.37780654,0.91631144,-1.7332091,0.86200005,-0.37968653,0.3769478,-1.1269879,1.328631,1.2456349,0.95959055,0.35045117
-1.5147548,0.82912105,0.4048551,-1.6052712,-0.024297385,0.3645345,0.5560753,0.17726137,0.29123142,1.4736114,-0.2572862
1.2260339,-2.867055,-0.31743854,-0.16465102,-1.7520986,0.09418306,1.2487577,-1.0865679,0.33640093,-0.91582346,1.3566067
-0.671912,1.4773936,-0.54255784,0.4622125,-1.8712181,1.8623176,0.60265243,-0.18249984,0.5755465,-1.4098195,0.10314621
1.1825308,-0.32398477,-0.20406951,-0.49165562,-0.5806514,0.6946706,0.25590685,0.6517481,-0.00879469,0.5131998,0.30952132
-0.41884875,2.2297318,-1.5679305,1.2609373,1.3679074,-0.8521588,2.2292736,0.9954903,0.971139,0.028022187,1.4043095
-0.21722616,-0.20940882,0.3905306,1.4011862,0.18131422,-0.91144365,0.82442707,0.92115074,0.6546595,0.7454989,-0.061476365
-0.27092814,-0.9289892,-0.86819345,-1.6354632,0.23694861,-0.08344878,-0.43998772,-2.9556189,-1.2473174,1.1208407,-0.13906145
-0.664626,0.36059168,-1.3906854,1.4387054,-0.14402767,0.2900404,2.3257797,1.5164402,-0.3065656,-0.5932202,0.22599761
-0.325545,0.50989825,-0.10522413,-0.39524415,1.4671812,-0.11420989,2.2995892,0.090742566,1.7853184,0.3573194,-0.26561934
0.9629606,-0.72461104,-0.8537592,0.45970595,0.9885532,0.0402565,-1.2863933,-1.3602583,-1.4271364,-1.7676221,0.47047085
0.10948536,1.1250439,-0.013415787,-2.2604148,-0.19076046,-0.162799,2.0959988,-1.457138,-0.3906776,1.7058526,0.5092979
0.44997835,0.56331307,0.11458444,0.32994354,0.7776095,-0.8094863,0.87805855,-1.373003,0.32836798,0.17874096,0.20026171
-0.6162931,-0.022685274,-0.6225402,-1.0717013,-0.35361475,-1.1039886,0.32279748,-1.1500854,0.711977,-1.1814791,-0.5292043
-0.5662949,-0.6246034,1.3251467,0.33028996,-0.2117338,0.49871945,-2.1071923,-0.04313359,1.9975141,0.13234651,-0.22511172
0.06791317,0.54812837,0.89560527,-1.9974667,-1.6823264,0.2102913,-0.71487653,1.3120253,-0.3151744,-1.9345307,0.3783962
-1.268014,-2.749676,-0.23412554,-0.18838413,-0.4244627,1.078879,1.1985198,-0.17038843,-2.1346936,0.61728156,0.7844802
0.55536026,0.30939156,0.98147976,-1.1648281,2.0087554,-0.9594278,0.74922293,-1.6873477,-0.9302647,1.5163686,0.26990142
-0.2608998,0.8399226,0.23695539,-0.104958154,1.3638504,-0.23665883,-1.7807381,-0.8032401,0.55119175,0.3955091,-0.004556305
-1.5670582,-0.7243425,-0.58172137,-0.3654696,-1.3759136,-0.6283711,-0.72861046,0.77153325,0.8091213,-0.14581046,-0.56542754
-0.3920398,0.13992432,-0.8165751,-1.1468321,-0.9402212,-0.6348132,-1.1634738,0.16205956,0.72971565,-1.5870984,-0.20115395
0.025128711,-0.21993579,0.3415087,-0.012938768,-1.4535993,-1.2623893,0.029423576,1.0287809,-2.2141874,0.34572658,0.14328569
1.189622,-0.15302588,0.5502025,-0.7030691,-0.1193662,-1.6209135,-2.3443434,0.9427658,-0.98499495,-0.45552784,0.55097735
-1.3864423,-1.4099697,-0.1738377,-0.7295772,0.377971,0.45253843,0.32084966,0.23860079,1.5777682,-1.0675938,-0.04311295
-0.054934867,1.1326898,1.2645398,-1.4217637,-0.31235543,1.358121,0.5080791,0.19526303,-0.21768469,-0.38380092,0.14039068
0.28821906,-0.2523741,-0.042578623,0.07859871,-0.6780715,0.53212935,2.9142447,-1.7769866,0.32401252,-0.76019007,-0.13673916
0.5774026,0.046557475,0.76185477,1.1755066,0.19242112,1.1320523,-2.344298,1.5904523,0.37506214,1.0778433,0.17359826
-1.2198757,-0.8307699,0.14593829,-0.017037889,0.2830686,1.0845152,-1.7652203,0.9738191,0.00828191,-0.20378186,-0.4498545
-1.4711152,0.50304866,-2.4141078,0.648394,-1.4921058,0.053457912,-0.11916884,1.1695381,-0.17865516,-0.6941386,-0.35528693
-0.5066027,1.2728828,0.53629696,-0.38562998,-0.23644643,-1.567177,0.3884742,-1.7598157,0.7517965,0.1286216,0.14553526
2.3869517,-1.1001356,-0.102662094,1.7982877,1.1913897,-0.69621205,0.22396743,0.0019993563,0.28195587,-0.69868046,0.8050223
-0.08932041,-1.5980524,0.13512345,0.45002067,-0.2274194,-1.6150509,0.9885319,0.36452505,-0.7260151,-0.28060046,0.18517846
-1.5006694,-1.0254102,-0.53781134,1.2284209,-0.6395034,0.64021367,-0.5383162,0.24794756,-0.14139551,0.8730566,-0.27250838
-0.5348113,-1.5725282,-1.3819491,-0.5318775,-1.2490599,0.410212,-0.46576816,2.3746066,-1.7377146,0.20363317,0.15007515
-1.127953,-0.49340135,0.14141947,-2.3253713,0.23682612,1.9029075,-0.4534383,0.25980785,1.0249217,-0.1639535,-0.097914815
-0.5809602,-2.2757363,0.64099073,-0.11316841,-1.0126839,0.1265967,-0.58368033,-0.5284261,0.6062912,-1.3383824,0.6502362
1.0473152,-1.3976861,-0.6627014,1.9229462,1.1273547,0.09760399,-0.94053024,-0.5292723,0.07327531,0.037523232,0.8020738
-0.09087093,-0.030832514,-0.21437511,-1.4419787,-0.5165107,0.91462404,-1.3683343,-0.18955551,-0.81975394,0.11135043,-0.19578587
-0.3886332,1.4773936,0.50658315,-1.3118032,0.671228,-0.7746519,-0.5769964,0.31381902,-0.4917474,0.8928558,0.15019293
-0.7745101,-0.61894655,-0.6563709,-0.5656387,1.0991915,0.6287963,1.709944,2.2676442,-1.030717,0.070419125,-0.23368767
-1.1762003,-0.77760595,-0.6300825,-1.0571549,-1.0518873,-0.14428438,-1.2167184,0.84212697,-0.9177535,2.809569,-0.31987295
-0.45138445,0.07201764,-1.2953411,1.7060918,1.1195006,0.29691586,-1.3468026,0.21066688,-1.121431,1.4623553,0.1928283
0.80919474,0.09543904,-2.4363756,-0.98341596,0.6877611,1.2128837,1.1091698,-1.592013,0.3015523,1.0155152,-0.27606958
-1.6583356,-0.007904516,0.2738424,-0.3007646,-1.8521619,-0.3256981,-0.32730544,-0.1480724,-0.56347144,-0.44301215,-0.6997148
-0.039706282,0.4424546,-0.30442676,-0.40964893,0.09235404,-1.920916,0.47703514,-0.0005630971,0.039693527,0.9607343,0.19027606
-1.9528155,-1.9738339,0.27380386,-0.007116855,0.17017694,-0.4621271,0.66435367,0.9326388,0.4839823,-0.26082847,0.01914437
-2.1076894,0.7692362,1.2217287,0.6445584,-0.8796424,0.6737944,0.8605297,1.5588162,-0.8761099,-0.22645459,-0.87882924
0.7472721,0.057410073,-1.1173276,0.4146163,0.5786616,0.087962896,0.21958493,-0.2587059,1.478279,-0.90069216,0.6533085
-0.58732074,0.010985513,0.87895405,-1.4973732,-1.3102968,-2.0377285,0.032695226,-1.1183058,-0.38455012,0.6613782,-0.114422
-0.64154273,0.23128203,-0.2993379,0.6721143,0.47512805,-0.6919337,-0.16865176,1.0437434,0.39337686,-1.396962,-0.082913704
0.6556181,-1.0846106,1.412513,1.0240989,0.28988546,0.15723285,-0.20903225,0.67852396,-0.37077817,0.23556986,0.30291015
0.87193435,-0.56180656,-0.61619276,-1.1943655,-1.0644728,-1.8283954,0.7298288,1.8089145,1.425329,-1.6260844,0.12696542
0.72485465,1.4221064,-0.45680997,0.10144743,-2.007893,0.26673618,-1.0635598,0.19963501,-1.5612029,0.54285824,0.3159179
1.0245126,-0.7831799,-1.1369226,-2.156023,-0.26641354,-0.58159393,-1.5510194,0.45301875,-0.4499704,-1.0757359,0.45916685
-0.5545724,1.0713046,0.6029369,-0.13002606,0.61910504,-1.1609119,0.0323701,0.14732233,-0.4698365,0.43545833,0.1950582
-0.7804335,0.5098207,0.5518588,-2.9171598,1.1903057,-3.0476325,-0.61604905,1.0253481,-0.31728673,-1.4661859,0.14864942
-1.093737,1.0269058,-1.9215045,1.1289911,-0.0551021,-1.1923953,-0.5831151,-1.0172243,0.8662252,0.73242784,0.13068363
-1.7191612,-0.4035921,-0.86318564,1.29351,-1.3500991,1.6042291,-0.03329474,-1.1619344,-0.67727417,-0.8016188,-0.59766406
-1.2746184,0.09482686,-1.2279155,-2.1803663,-0.37967646,-1.8028562,-0.75216085,-0.9091029,-0.87121606,2.0009632,-0.47612154
0.056411568,0.24537101,-1.7763983,-0.65396315,0.21530263,-1.0245289,0.9080628,-1.2026966,-0.28636613,-0.58605164,-0.20592014
0.16432066,-0.64049006,-0.27089363,-0.23613009,-0.73438776,0.48509386,0.23838837,-0.08861394,-0.43045834,0.796544,0.11020735
-0.23583424,-0.30669728,0.10469003,1.6965867,-1.3403562,0.76985687,-1.8931712,0.21727316,1.5750828,0.48866853,-0.38732868
0.17062508,-0.5604495,0.0310472,-0.25206283,-0.7859766,-0.28987563,0.19838116,-0.76721704,-0.8062818,-1.3602434,-0.246342
0.39072502,0.54532325,0.23166044,0.9651705,0.08786764,0.39201093,0.30383742,-0.091540016,-0.5308218,2.2141526,0.19160202
-0.45195097,-0.6658777,0.43400982,0.25185442,-1.4047916,1.1226783,-0.094194576,-1.110931,1.1887841,0.62567556,-0.2716115
-1.264542,1.7771828,0.6587974,-0.010196116,1.5902188,0.15929778,-0.028083075,-0.66030014,0.5818504,0.47660297,-0.12379824
0.01468014,-0.7899864,0.12992986,-0.06979878,-1.3334743,-1.4718124,0.56515336,-2.6018884,0.20541053,-0.47808304,0.113340415
1.3082466,-0.4934682,0.6594842,-0.39691383,0.113748156,0.73683655,-0.4625557,0.9965549,-0.9936979,0.29459286,0.77887595
0.9226397,0.6600375,1.9164449,-0.7634393,-1.3791492,-0.9943351,0.6604426,0.49792293,0.10225666,-1.122957,0.62792486
0.7668673,-1.2247047,1.1589496,2.8574383,0.36645114,0.5831081,-0.49285978,-1.8102133,-0.60271937,-1.0928953,0.10360762
-1.4470046,1.7223599,0.27286252,0.37968758,-0.30902237,-0.17287108,0.9645507,-0.032337118,0.53069395,-0.1960043,-0.013607382
-0.3421529,-1.4069141,-1.9777491,-0.2615619,0.05649669,-1.2861301,-0.034474865,0.053752564,-2.156008,-0.91512465,0.27851564
0.4072639,0.38705873,-1.153675,0.15844806,1.0224072,0.77707297,-0.09528579,-0.4679763,-0.62934446,0.46781978,0.38237065
0.19510397,0.629404,0.13187382,0.818764,0.094592534,0.7846887,0.8708228,-0.8045266,-1.8081441,1.5434929,0.060355525
0.25665873,-1.7144859,-0.7138195,0.7718743,-0.27967682,-0.5120614,1.4008819,-1.0472871,-0.79815334,0.21138647,0.5641576
0.39045492,0.49634305,0.9112381,0.19857863,0.48938394,-0.25920925,0.062698305,0.10753418,0.21509814,0.7725398,0.20555612
0.5551457,0.044217,-0.80912596,0.06767126,-0.028017785,0.19318157,2.2065253,-0.5237728,0.422289,1.068462,0.253993
0.09800191,2.337845,-0.3780393,0.32408923,-0.7988058,-0.35152474,0.24893391,0.84630406,0.31909484,1.2591149,0.80157864
-0.09496531,-0.33216852,2.7039852,0.39423764,-0.7194815,-0.69426376,-0.94267994,0.93656933,-0.3643773,0.12736247,-0.17252734
-0.063508675,0.7314924,-0.8467441,-1.0755723,0.2242973,0.6009593,0.33253232,-0.8094537,0.67748487,-0.7438609,0.18832584
-0.5215386,-0.9439535,1.3011583,0.63342154,0.6049934,1.2472115,2.8126493,-1.7092261,-0.73837656,-0.61617506,0.10645525
-0.85081965,-1.0775832,-0.29965305,-1.2166038,0.33504236,0.05169832,0.48102868,0.50772846,0.60300684,-0.37340894,-0.029160267
2.1211433,0.23443112,-1.8624847,-1.0023757,-1.740503,0.017334629,-0.12180522,-0.4684257,2.010926,0.54898286,0.628737
0.72609836,-0.9310735,-0.9991449,0.0368055,0.17300715,-1.8563116,-0.18030702,0.014072083,-0.21514916,-0.81339043,0.3022251
-0.53953516,-0.1768592,0.090800025,0.6047916,1.0808562,-0.29434773,-0.4561562,0.4376557,0.6108449,-0.43420044,0.13482864
0.7903935,0.97958535,1.2916864,1.7783209,-0.86641616,0.01389821,0.011277697,-0.09807357,-0.6492629,-1.485562,0.18940939
0.09267945,-0.76835567,0.08599348,-0.79404354,-1.0996584,0.23429836,0.15092152,0.579282,2.1858637,0.27728954,0.5588587
0.48508176,-1.0775614,-1.2869074,1.5828295,-0.9234798,-1.0439441,-0.039098922,-0.090192415,-0.90250653,-0.3049732,0.29834455
1.2293757,-0.8059936,-1.3936725,0.94259363,0.4922969,-0.6205186,-1.582167,-0.74462336,-0.054704435,1.1656721,0.5188364
-1.036582,-0.08451988,0.6751447,-2.3812673,1.0337862,-1.1824505,0.3319955,0.24668315,1.0845864,0.55092436,-0.03462407
-2.3772905,-0.78477925,0.13820513,-0.19497989,0.47761074,0.78936654,0.6084517,-0.21427494,-1.846337,-0.45548126,-0.534645
0.41636816,-1.0904473,0.63127476,0.9083933,0.12686698,-3.0637798,-1.2780883,1.8861891,-0.5465378,-1.9841433,0.54479134
1.2352474,0.013355591,1.1049405,0.27695867,0.45855913,0.36300924,0.6974883,2.2774305,0.97100633,-1.5803393,0.2626705
0.4466615,1.1414808,1.2027009,-0.426605,1.1649444,0.9277424,2.5725174,-0.7500017,-0.5074006,-0.30611905,0.5747381
-0.49022216,-0.8900207,-2.7626755,-0.43469948,0.36935806,-0.49322185,1.9353812,0.013375813,1.2910291,0.2614204,0.044497874
0.8264073,0.27924156,1.3687847,0.05593935,0.49612072,0.36633295,-0.28828546,0.40498233,2.2343862,-0.27039695,0.3824649
0.4194649,1.257779,1.1402533,0.011716418,-2.3833888,0.51670283,-2.2194743,1.4699372,0.16947387,0.999674,0.09848583
-0.9021111,-1.5525075,0.26075438,-0.03360344,-0.49154082,0.08466128,2.7674358,0.8345255,1.0494986,0.8439369,0.2783716
1.4794621,-0.19007167,-2.0547614,-0.18858613,0.8117357,-0.9698004,-0.17636596,-0.6917697,1.5020293,0.749457,0.6354933
0.65154064,0.6216013,-0.037249252,0.19755629,-1.1851846,-2.186442,0.15008113,0.32399026,1.2092645,1.5713358,0.28483474
1.5699985,-0.99802357,-0.35226503,0.48033428,2.5319047,1.4800992,1.1193972,-0.38778797,-0.88319963,0.7889079,0.79457515
-1.1006613,-0.23843636,-0.11477795,1.5929121,-0.35469732,-2.4392498,0.50444466,-0.6990219,0.042631023,-0.0867047,-0.28720614
-0.273704,0.7903406,-1.5328649,-0.5170142,0.6840379,-0.6140848,-1.6088067,0.6685553,1.1230947,-0.044995207,-0.045275226
-1.9608456,0.70596975,-1.6598879,0.30879927,-0.8874638,-1.1598393,-0.44191003,-0.18329756,-0.64420825,0.5887033,-0.41049287
-0.4460694,0.9801909,0.28117317,-0.6975572,-0.86593986,-1.6474963,0.2907332,-0.35458755,-2.3721955,-0.53571486,-0.008718026
-0.90103406,1.5756776,-1.7027786,-1.4413508,1.1099696,1.3567631,-0.74498296,-0.6320858,0.6162354,-2.3270998,-0.21510664
-1.8611937,-0.2807334,1.5498905,-0.4357301,0.10093679,1.1337893,2.1068847,-0.57684845,-0.016836723,1.8220552,-0.63124496
-1.5221993,1.0275811,-1.0183156,0.102472365,-0.24261905,-0.9580116,-0.9831019,0.27641436,0.9955393,-0.1297362,-0.4127728
0.07011316,0.5711741,-0.9716188,0.7396925,0.8193431,2.6036263,-0.37610418,-0.4580818,0.7689659,0.8191042,0.21612681
-0.53508717,-0.4031627,0.54113084,-0.82758427,-0.410534,0.08959277,0.99593866,-0.60459864,-1.8423845,-1.9165975,-0.11593207
-1.2594131,-1.3131677,-0.15461075,-1.1888802,-0.702755,-0.7740859,-0.44050786,1.3225043,0.6619476,0.016129415,-0.14038008
-0.46102628,-0.43323267,0.32774648,0.5841691,-0.9076175,0.036480755,-2.0316195,0.21171379,0.7621492,-0.28006864,-0.09955914
1.816527,-0.88123846,0.21744041,-0.035824746,-0.10029767,-0.11432217,0.10710503,0.84795874,1.3777362,-0.0022502446,0.56311125
0.8153161,-0.70176697,0.76595545,-0.7619915,1.09066,2.210641,-0.12208389,-2.1925435,-0.54807293,1.2318752,0.6512136
0.5530768,0.2489136,1.0086683,0.48445344,1.2177252,0.9194237,1.5217005,0.3587961,0.90525943,-0.30712706,0.14708109
-0.6014608,1.7067677,0.21620467,0.80488056,0.12374002,-0.58651567,0.0109828925,1.435994,0.5552401,-1.7114731,0.18029122
-0.21524446,1.7822938,-0.21379687,-1.8004787,1.8930489,0.68239254,-0.07001286,-0.37141773,1.0823519,-0.5419834,0.54042906
1.1482564,0.54219526,0.24468192,0.1455148,-0.17496803,1.0456401,-0.86534286,-1.6219251,0.61444014,0.63123834,0.10078786
0.48024115,0.40772837,-0.32054037,0.7874827,-0.04555813,-0.48711357,-0.31189132,2.0206397,-1.734976,0.4997881,0.07339264
-1.6791104,-0.10823334,-0.4336275,-2.0850284,0.38903758,-0.38003805,-2.0992064,0.8395681,1.4350061,1.4901243,-0.4257758
0.35895643,0.046058137,1.3281566,1.6823835,1.1335686,-0.9415376,0.20134485,0.43951616,-1.8096169,0.46936065,-0.31937662
2.272992,0.63993615,1.4734131,0.18291473,-0.07321832,0.3812714,-0.81582665,-0.96377516,1.2663046,1.3723423,0.8803497
-0.99110633,0.9679988,-0.08695997,0.33980858,0.46021864,0.9943505,0.0827182,1.410162,0.30941284,0.62418425,0.09585775
-0.83326256,2.158659,0.4698249,0.71299744,-1.6081858,-0.82270205,1.2378837,0.28689113,-1.9137797,1.0382899,0.27966654
-0.54378283,1.411317,-0.08783568,0.20470668,1.1789546,-0.89749295,-0.9928468,-0.19649842,0.8271728,-1.3308773,0.24015519
-1.6680346,0.82372093,-0.6029783,-0.392226,-1.8568105,-0.67897934,-0.0075672967,0.93037784,-0.77123016,1.6573762,-0.34726077
-0.684556,-0.6830918,1.5373576,0.21146016,-0.5520247,-0.15513313,1.3530736,1.4662029,-0.8167932,-0.04243381,-0.26550323
0.09015683,-0.9862401,-0.055685055,0.0053228606,1.1402094,1.207425,-0.3292094,-0.21395314,0.6642923,-0.58518845,0.36015394
0.58864015,-0.08790649,-0.96939856,-0.9568367,1.4470587,-0.15642148,1.640354,-0.51363623,0.2912052,2.3926768,0.056676194
-1.0573868,-1.8978145,1.2865901,-0.8268091,-0.020706365,-0.5859182,0.2681628,-0.9505362,-0.17994009,0.44981533,0.25673974
-1.0083089,-0.70008403,-0.34738284,-1.4288155,-0.422561,0.11879654,-0.39954895,-0.2713765,-0.01990167,-0.6557435,-0.41963816
0.69106257,1.4359782,-0.46438038,0.48519823,-0.23961715,0.36548734,1.5657796,0.50865954,-1.7734145,0.45399565,0.5785717
1.2328638,-0.22159617,0.9956348,-0.6901155,-1.4855392,0.14116901,-1.7564768,-0.23977101,1.2868422,-1.9097629,0.5453536
-1.2794968,-1.0320323,-0.06331986,-0.3657168,1.3991364,0.9543483,0.49527293,0.14563031,0.39322978,-0.86198235,-0.18406129
0.85721034,-1.1120442,0.835377,1.1861424,0.2108646,-0.17621306,0.40030992,-2.8615184,0.30225822,-0.113354,0.1634277
-0.050628114,0.70653254,-0.07476892,-1.1402068,-0.14140268,0.06755549,0.11493391,0.16191937,1.039369,-1.0860345,-0.118311554
0.17570046,1.2899297,-1.7346115,0.17964669,-0.5853785,-0.37071037,-0.9048075,-0.16955072,1.8412557,-1.2644304,0.36338067
-1.16961,-1.3019346,1.7274183,-0.4623397,-0.02563906,-0.40278295,-0.9444229,-0.23515065,2.4582436,1.3920709,0.25857297
-0.8529378,0.6475741,-0.83152276,-1.7763677,1.0195109,1.1600928,1.0460522,-0.46986526,-0.16677573,0.7497656,-0.23065329
0.39149603,-0.39363748,-1.6190718,0.113875195,1.0790097,-1.1975883,0.6387594,0.3315417,0.75014824,0.8719755,0.1550446
-0.6944652,-1.6169595,-0.5335195,0.8891273,-0.5420039,-0.69404334,-1.8213503,1.7526475,0.82571363,0.769896,0.31910825
0.9677254,0.5767084,-0.24432886,-0.1637641,-0.42756435,2.6347408,0.555912,-0.46380043,0.46549678,-1.0108689,0.27890226
1.5045067,-0.6610691,0.50108546,1.0659776,0.38476855,0.094469994,0.010802085,-0.0564411,-0.5766985,-0.44948342,0.42598492
1.4795904,-0.10853663,-0.7857963,-0.5162976,1.1003706,0.6756066,0.5603292,-0.2575212,0.57336247,-0.6435611,0.31632337
-0.25961402,0.96980447,0.87427765,-0.9819099,-0.85552645,0.10870215,1.7261324,-1.9155651,0.27833295,-1.3760433,0.31753108
-0.634331,-0.36442843,-0.42050835,-0.53379595,0.00720706,-0.53525555,-1.4624574,0.7798696,0.75287217,0.84317434,-0.5733455
-1.5407345,0.29891816,0.67597884,-1.0312021,0.009173248,-0.116266645,1.8421507,1.924496,-1.6643564,2.493927,-0.2589729
-0.91522574,0.9806733,0.97049797,-0.9956902,0.4932678,-0.107533745,0.55433,0.2306723,1.1963395,0.07539954,-0.078576505
-0.16787407,1.0960642,0.58039594,0.7318134,-0.66458666,-1.0452628,-0.56772214,-0.62082136,0.7861993,0.97598404,-0.007413295
-0.1551303,1.430919,1.3684694,0.24339892,-0.8218918,1.5753766,-0.06101735,0.1261652,-0.33960503,-0.8897903,0.44003457
-1.4686394,0.63286835,-0.7834011,3.0595312,-1.0860736,-1.2573825,0.5101387,1.5293134,0.06458966,0.57224244,-0.30225283
-1.8435475,-0.6775116,-1.0736157,-1.8950459,0.11698023,-2.2428277,-1.322196,-0.5371938,-0.83128583,0.3964085,-0.7838275
0.3055802,0.89379877,0.7523837,1.1408128,-0.0019184,0.3034669,0.5115137,0.1416567,-0.3971943,-0.33244252,0.10601755
-0.8175584,0.42161682,-0.09401517,-0.66317374,-0.6622448,-1.2103987,0.97884136,0.07861767,-0.8628,0.80854774,-0.19587338
-0.5604488,-1.4065006,1.0212222,-0.537097,-0.4088991,0.041180022,1.1425892,0.020037292,-1.1991172,0.543877,0.096728146
-0.48498973,1.887924,-0.001119722,-2.2350354,0.35736498,1.9445978,1.5759203,1.8309543,-1.0197601,0.9121524,0.17068084
-0.7219945,0.2242894,-1.2729524,-0.6444558,-0.6762467,0.8985553,0.80071914,0.27681974,-1.3504214,-0.31163943,-0.45475572
-0.74611646,0.86967576,1.1781849,1.0563856,-0.7552194,-2.7395332,-1.7669619,1.4216269,-0.40125495,-0.7507246,-0.08040722
1.6426603,1.26516,0.024448723,-0.2934031,-0.13210121,0.2271628,1.6000472,0.4224674,0.72602904,1.1692702,0.73822135
-1.169676,0.7548619,-0.29456875,-2.5160952,-2.1281695,-1.0181177,0.53122324,0.113799565,0.1843667,1.9509435,-0.378292
-1.2690896,-0.027433354,0.30443552,-0.7362731,0.028326744,-1.5999494,1.4099063,-0.6816146,2.0314002,-0.032474324,-0.3959961
1.0280535,-0.05330287,-0.030743832,-0.5840293,0.11912393,0.3179987,-0.7842585,-0.12504442,-0.61009884,2.299664,0.21407826
-0.08973077,1.5452322,-0.19562232,0.25928766,-1.321364,-0.4470726,0.21053468,1.5860038,0.22198278,1.3837204,0.5218816
0.6407291,1.6274014,-0.05904222,2.3902228,-0.4853962,-0.76646185,-1.2100528,2.3310246,0.8194476,-0.33412072,0.55109787
1.2490227,0.68769217,1.9661275,-1.5478328,-0.26536012,-0.46252137,-1.9736826,1.0603272,-0.27039656,0.7396312,0.67019516
2.359772,-0.35324368,-0.42115298,0.11866417,0.98724735,-0.56671304,-0.6309616,1.0571892,0.3786393,-2.0447283,0.9454301
-1.2253917,1.5012358,0.40192828,-0.76219594,-0.17040966,0.013236673,0.7357334,-1.3582634,-0.8409491,0.27295575,-0.11580089
-0.09983458,0.5718592,-1.2295074,0.35712868,1.0915836,0.48681855,0.13911174,-0.0958836,-0.83485115,-0.07199859,0.028382383
1.2597059,-0.11902851,-0.889804,-0.49224707,0.2008503,-0.373514,0.48530328,0.5228438,0.8889832,1.4235594,0.3478161
0.9958587,-0.9342391,-0.9035345,-0.07577147,-0.45117536,-1.1383268,-0.4416918,-0.47451293,-0.67184776,-0.3157895,0.40031356
1.1784508,0.19923805,2.4718091,0.17050819,-0.29006577,0.0041328827,0.256492,0.43525395,2.0767114,-0.84532046,0.34178168
0.85904604,0.2077506,-1.5710977,0.7706988,1.2676235,-0.8571764,-0.008933868,-1.7253543,-1.2588065,1.0480295,0.7624038
-0.4664165,-1.108803,0.22946036,-0.5224124,-0.47082165,0.739326,-1.1617334,-0.9053652,0.15407999,0.96940976,0.08337511
1.2381603,-0.6650617,0.937377,-0.7841423,1.8262093,-1.1337711,1.3284788,-0.6564861,2.0132465,0.59132075,0.24590017
-1.0160165,-0.5222385,0.7811812,1.0526444,-0.07071559,0.04465828,0.75835305,0.13179843,-1.2935048,-0.81297404,-0.30071655
0.23511994,1.2154825,1.6159824,0.7795294,0.28729075,0.74881387,-0.66675085,-0.15323097,-0.8241307,-1.2487426,0.18622163
0.33354902,0.1855133,0.68765247,0.5461118,0.24264427,0.55661666,-0.042683095,0.4128914,-0.7261444,0.36970592,0.086323194
0.6684177,-0.66968143,0.0518321,-0.6236025,-0.5265067,-1.1249293,1.265775,1.0656852,0.53743386,1.972196,0.28159535
-0.1892457,3.0317624,-0.22752942,0.25519335,-0.39777792,0.37232557,0.8356149,-0.11391639,1.7767198,0.23914929,1.3035796
0.27048537,-0.9089977,0.41849908,-0.13402723,-0.6082397,-0.7764744,2.6717634,-0.26347724,-1.4569855,-0.69822145,0.17239237
-0.05156784,0.54666704,0.5547965,0.6766145,-0.6448603,0.34044045,-0.8760595,-0.619643,-0.917709,-1.1883888,0.05153165
1.0642095,0.6886117,0.9766654,0.039313067,0.7768077,-1.7612894,0.86308753,0.17711984,0.6271096,0.3800233,0.34407946
-0.9870552,-1.4980397,-0.7120542,0.56491727,0.69009143,-1.3679423,-0.98109937,-0.72323567,-0.35730505,-1.3620508,-0.026921302
-1.4220518,-0.8218353,0.08625384,-1.1805943,-0.11580351,1.0585529,-1.3017797,-0.20644575,1.0247568,-0.41826838,0.13265653
-0.5736697,1.1634958,-0.30620208,1.104495,0.4289654,-0.34284467,0.47969052,0.3204495,1.0208828,-0.54834557,-0.021153003
0.041206066,-0.06151568,0.7041481,-1.0251791,1.0169771,0.46632877,-1.316925,1.2082628,2.2340932,1.0018339,0.15098754
1.4269848,0.08537138,-1.6615049,-1.8441205,0.25508204,-0.5919788,-0.9145763,-0.06274668,0.61558527,-1.4527576,-0.08880776
-0.44887763,1.5098706,-1.0752884,0.86976117,-0.48473075,0.5457938,1.0973275,0.74128175,0.9091596,-1.1515936,0.29405126
1.1136597,-0.85269314,0.25954178,0.25824618,0.48512256,0.33695668,-0.84380996,-1.3498675,0.87234867,0.18583457,0.3207305
1.1493769,-0.044732936,-1.4051644,0.96612966,-0.3703706,0.34200346,-0.64745945,1.6443017,-0.8765648,-0.33742976,0.3959809
0.107448705,-1.0921823,0.33051953,1.6119105,-0.49046215,0.39514282,-2.7494354,-0.0389292,-0.31304228,-0.8184976,0.29012373
1.0814505,-0.32624367,-0.1774775,-0.37719288,-1.9168159,-1.1319865,0.9610935,-2.1099505,-0.76631534,-0.39972004,0.3086667
1.7436218,0.76860374,-0.5571705,1.3045137,-0.7405158,1.0090998,-1.3588773,1.0732578,-0.40613365,-1.0285043,0.7326185
-0.21714361,0.27734417,-0.49474844,0.5539535,-0.58299387,0.6203724,0.44222206,-0.060923055,-0.44138232,0.1515408,-0.32102877
0.55025375,2.061799,0.9394204,0.97598994,3.0885122,0.5159585,0.48464352,0.7040151,-1.008966,-0.44390163,1.1410018
-0.50616926,0.647614,-0.17417456,0.13822342,1.0874547,0.8631507,-0.161721,-0.66999507,1.1352748,0.7738912,-0.21094216
-1.6062568,-0.31315395,0.16551547,0.7788297,0.9101015,0.283906,0.5852475,0.0641368,-0.67385167,-0.26126438,-0.2052689
0.018991187,-0.03467925,-1.8855729,-0.39748335,0.056205653,-0.28136998,-0.2468238,0.48799136,-1.0789572,-1.6280422,0.08697124
-0.3481698,0.7641144,1.687553,0.7821282,-1.4682637,-0.23236723,0.25663438,0.17759112,0.53930455,-0.91704893,-0.13567188
0.06494309,0.42032284,0.82567096,-0.8057182,-0.34515688,-2.7038176,-0.621462,-0.5244149,-1.0195845,0.16561215,-0.032996133
-0.055945434,-2.259214,0.21550797,-0.9283241,0.48568895,-1.2818513,0.03000654,-0.28316334,0.3031019,0.124697275,0.8158525
-0.25516418,-1.5362723,-1.477208,-0.5838869,-0.008279884,-0.60824794,0.62521195,-0.2792209,-0.9650127,-0.2780963,0.12016617
0.22585984,0.3248847,1.8783791,-0.6689093,-0.07347866,0.42612395,-0.023422958,-0.50061816,-1.5492572,-0.5108346,0.20991902
-1.0737025,-1.7266067,-0.79567885,-1.0470917,0.58378655,0.60109186,-0.9038793,-0.26022863,-1.8582426,-0.49433994,0.033458523
0.3989819,0.8249379,-0.7130471,1.0518548,-1.5156919,-1.2476279,0.70966184,1.6711212,0.493432,-0.040342387,-0.08480101
-2.1951838,-2.022447,0.12940954,-0.35806265,-1.1058352,0.06553258,0.11513137,0.94441587,0.13660228,1.2283944,0.07259825
0.00799403,-0.115334995,1.0643122,-0.9784409,2.8144474,0.3752575,0.38082924,0.525096,1.8771365,0.7925074,0.2370865
-1.6050559,1.4034704,-0.34089658,0.10715507,-1.279254,0.526202,-0.6513743,0.10016964,-0.284099,1.9250128,-0.3190873
1.9822603,0.04651317,0.06397771,-0.37344298,1.1060063,-0.32891986,-0.42133728,0.9785929,-0.5382991,-0.037755035,0.56864303
-1.5813107,0.7041904,1.940867,0.7212254,1.4617991,-0.8461021,0.23632428,-0.94315994,-0.22776555,0.7722115,-0.413132
0.10182061,-1.412641,-1.3150291,-1.381164,0.4914526,2.0638945,1.3624582,-1.8959852,1.4210759,0.9364004,0.038761497
-1.5452999,-0.30320162,1.0955224,0.5504335,-1.309095,0.61074215,-2.1375005,-0.22282217,1.1379567,0.018394215,-0.9138326
-0.49893755,0.88934624,0.97475183,1.3100396,0.87434244,1.0813748,0.73290855,0.26552865,0.089509,-0.23725972,-0.053950515
-1.2123682,-0.95531154,-0.2820145,0.24145216,1.4408126,-0.04179723,1.0034763,1.0793157,-0.2314468,0.5946902,-0.070102096
-0.24352804,1.3221359,0.63584334,-1.1904838,0.16152465,1.6481122,-0.18123104,0.44771504,0.5458788,-1.0366229,0.24297568
0.510708,-1.3938352,-0.6256241,1.0757229,0.3567563,-0.3044778,0.44646102,-0.060092248,0.012578502,0.6568185,0.35758114
-0.72736776,0.040336404,-0.3122682,-1.5856034,-0.92045575,1.5682064,0.3847233,-1.3235883,-1.5403544,-0.1121639,-0.3001621
1.5611866,-0.18675813,1.3069996,0.35193077,0.47125044,-1.3357205,0.93752295,-0.33493203,0.8630925,-0.81417,0.23147309
0.17704935,0.35200295,-0.15403332,0.4045452,-0.2663971,-0.6490598,1.6054834,1.0489528,-0.76086473,0.5684443,-0.08947238
-0.7426789,-1.1846846,1.0338094,-1.7040997,0.9268559,-0.25272232,-0.2115466,0.4097512,0.5811988,-0.8263432,0.097627506
0.71772563,0.11337054,-1.2560548,-0.16987449,1.381279,1.6765949,0.71734846,-1.1903435,0.4906069,0.8508609,0.39156327
0.725708,0.7849543,0.36326307,-0.07241234,-0.6083675,-1.8979355,0.33964178,0.18605284,0.5575758,-1.3375437,0.2279559
0.6450167,2.0545452,0.07845013,-0.06166532,0.30900237,2.032337,-1.0236478,0.20320693,-0.7996574,-0.5470047,0.7754322
-0.04959031,1.3473233,1.8009906,0.44814214,-0.37659472,2.492739,-0.4275545,-0.57113594,-1.774943,1.3960916,0.4510791
0.96824557,2.4178054,-1.3895234,1.4581708,0.07013552,0.8061002,-1.6477772,1.4680818,0.7865167,-0.038910035,1.4263335
0.6451127,-0.7654953,-0.57944006,-0.46344462,-1.8527279,0.8617585,1.1915936,-0.70134413,0.348203,-0.26554048,0.21279022
0.32827395,-0.62757725,-0.8834252,1.0520749,-0.06387059,2.022109,0.046309967,-0.926078,1.2269409,0.6308002,0.19185448
0.72687286,1.1906006,-0.65279627,-0.12725331,-0.17144983,-1.2907466,-0.26359016,1.3363794,0.23733811,-1.3460613,0.32435608
-1.5558394,1.6647761,-0.09031901,-0.6474102,-0.27399176,-1.4773078,1.4230951,-0.39305294,1.3674015,0.051651716,-0.3985378
1.4295319,0.2566945,0.8532327,0.719093,0.6232911,0.34793448,-0.23285072,1.9154347,-0.906937,0.004307642,0.5538637
0.014885875,0.40244076,-0.42947266,0.31474632,-0.16884258,-1.5819526,0.009552286,-1.1005653,-1.7343857,0.13687332,0.10108137
0.48788333,0.52669805,0.5671707,-1.932589,-1.3610169,1.9735215,-1.0472088,0.61084104,-0.68693763,0.07967274,0.20266165
-0.63325423,0.56154114,0.13677412,-0.44828978,-1.0501721,0.2677742,-1.2127188,0.42748106,2.6264849,1.35017,-0.20963818
0.7183479,-0.0856073,-1.9387527,-1.3222864,1.2827928,-0.78975606,-0.69925207,-0.16565047,-1.0620463,-1.2267687,0.13480632
-0.050474074,-0.89152944,-0.7410186,-0.78119105,0.5223602,-0.23212568,-0.17857197,0.5969459,-0.14203961,-0.27825376,-0.16089472
0.47045034,0.6681979,-0.14707349,0.08060778,-0.78179026,-0.860683,0.7691475,0.44494206,0.45529842,0.28085434,0.08172217
0.046203274,0.6964119,0.9351088,0.911228,-0.10077792,1.3869927,0.22846068,0.6323762,0.2820879,0.24700671,-0.17408463
-0.735752,0.70135087,2.8452945,-0.37479508,0.07099471,-0.44620526,-0.4880199,1.5444494,-0.672971,-0.47408047,0.22897471
-1.5874928,-0.75761175,-1.7083999,0.6318047,2.7996972,-0.3666788,-1.666758,0.8999997,-0.72692496,1.2993469,-0.010880825
-0.28202906,-0.6318157,-0.17795755,0.75777674,-0.22742063,-0.4967247,-0.1988316,-1.2718552,0.3970316,-1.7867266,-0.35301977
-0.44412145,0.7593852,0.30304828,0.5903206,-0.06504567,1.1697462,0.9246992,0.446141,0.9275458,0.75042355,-0.29494265
-0.43946353,-1.3438989,0.42036211,0.54608923,1.090472,-0.93632126,-0.9064311,0.45990026,-0.07116699,-1.8857616,0.1507868
0.37510815,-1.852423,-0.94525653,1.3516814,1.824879,-1.2156564,-0.32939154,0.04262252,1.7812269,-0.49286896,0.7753996
-0.47688404,1.5487256,-0.37478915,0.7222017,-1.4771429,-0.17123275,-1.6595968,-1.0554338,0.83920133,-0.04990539,-0.028729705
-0.31910574,-0.7487496,-0.22065607,0.30111316,0.98291624,-2.6251466,-0.8317612,0.15909624,-0.09886312,0.40337625,0.33586657
0.26754028,-0.30486786,-0.5268532,-0.24550149,1.1487423,-0.7320079,-0.062806726,0.18334222,1.5603509,-0.30030826,0.18558753
0.95880663,1.2319794,-0.06375427,-0.21071897,-0.32905367,-0.25582314,0.8542399,0.23100998,0.23528971,-1.1252235,0.5687343
-0.9674901,2.143447,-0.17782572,-0.774772,1.4310992,0.28180856,0.5781549,-0.13804707,-0.3186731,-0.16958638,0.352883
-1.3827381,-0.08792741,0.29603308,1.8504633,0.085999064,-2.334177,-0.09398543,2.739504,0.8663662,-0.81088895,-0.3558005
0.59110653,-0.74201345,-1.3538076,-0.34836936,0.09152644,-1.8721555,-1.1491593,0.010335563,-0.40817317,0.39481127,0.16026849
-1.2146683,0.7141138,-1.1837591,1.6427343,-1.7157583,-1.0925542,0.4173708,1.6642332,0.31504303,0.5628579,-0.22173595
0.017536901,-1.0263984,-0.49013835,-1.2119098,-1.27871,0.40174893,-1.123178,0.319554,-1.3018228,0.29638302,0.13159958
-0.48868257,1.4066155,0.3237189,1.2357829,-0.7556467,0.05614334,-0.98108715,-0.41360524,-0.2621042,-0.7258582,-0.17195629
-1.2155029,-1.4135174,-2.3397481,-1.0563464,0.6274939,-1.5984986,-1.3681228,1.7908986,-0.63649607,0.321046,-0.04117577
0.6423172,0.66252613,-1.5223142,-0.23105969,-1.6182272,2.446318,-1.5948752,-1.0478402,-1.0406009,-1.4966605,0.16980875
1.3525939,2.422448,-0.4757491,-1.3204231,-2.2369256,-0.24410872,-0.31636542,-0.65129614,0.22137526,0.39517313,1.3034927
0.32308325,-0.3161249,-1.1016219,0.6658331,0.01251376,0.8883575,0.79007554,-1.4217621,-1.4342222,-0.7555407,0.024577577
-1.0562654,0.75525177,0.3513097,1.099184,0.39648682,0.20864958,1.1997298,0.46972734,0.06810097,1.480453,-0.38858467
0.11518088,-0.3043406,-0.8378233,0.70302546,1.2370505,-0.0505874,1.3079156,-1.970015,-0.055453375,-0.040094912,-0.0050836443
-0.7269944,2.383861,-0.066192634,-0.40773076,0.025962114,-2.0028138,-0.7598679,0.98323995,-0.62894535,-0.8288752,0.67046463
1.3095256,1.3402544,0.5169905,-0.45511734,-0.23947106,-0.80415,-0.9947731,-1.0444165,-0.6180544,-1.034721,0.683753
-1.5637051,0.21940267,0.23459558,1.7007928,-0.66833836,0.2961006,0.31271258,-0.25383756,0.74433357,0.7752292,-0.6048695
0.3274111,-0.2556397,-0.35753012,-1.3677539,-0.8059178,-0.62200755,-1.1239718,0.43992397,1.1966279,-0.90806246,-0.13328151
0.28344142,-1.0341111,-0.30492216,-0.69032955,0.60189563,-0.6787882,1.0116605,-0.24572077,-0.6496037,-1.2533053,0.06449599
